timestamp,ontario_zonal_price
2026-09-13T12:00:00-04:00,57.5
2026-09-13T13:00:00-04:00,55.0
2026-09-13T14:00:00-04:00,69.07
2026-09-13T15:00:00-04:00,88.34
2026-09-13T16:00:00-04:00,65.1
2026-09-13T17:00:00-04:00,57.18
2026-09-13T18:00:00-04:00,52.76
2026-09-13T19:00:00-04:00,48.82
2026-09-13T20:00:00-04:00,30.68
2026-09-13T21:00:00-04:00,33.03
2026-09-13T22:00:00-04:00,28.21
2026-09-13T23:00:00-04:00,18.52
2026-09-14T00:00:00-04:00,24.8
2026-09-14T01:00:00-04:00,31.64
2026-09-14T02:00:00-04:00,26.3
2026-09-14T03:00:00-04:00,21.63
2026-09-14T04:00:00-04:00,25.11
2026-09-14T05:00:00-04:00,28.24
2026-09-14T06:00:00-04:00,36.82
2026-09-14T07:00:00-04:00,35.4
2026-09-14T08:00:00-04:00,35.46
2026-09-14T09:00:00-04:00,25.9
2026-09-14T10:00:00-04:00,35.3
2026-09-14T11:00:00-04:00,33.08
2026-09-14T12:00:00-04:00,35.73
2026-09-14T13:00:00-04:00,32.95
2026-09-14T14:00:00-04:00,37.04
2026-09-14T15:00:00-04:00,49.75
2026-09-14T16:00:00-04:00,189.37
2026-09-14T17:00:00-04:00,73.87
2026-09-14T18:00:00-04:00,163.04
2026-09-14T19:00:00-04:00,80.12
2026-09-14T20:00:00-04:00,66.66
2026-09-14T21:00:00-04:00,47.21
2026-09-14T22:00:00-04:00,40.4
2026-09-14T23:00:00-04:00,31.86
2026-09-15T00:00:00-04:00,23.66
2026-09-15T01:00:00-04:00,27.03
2026-09-15T02:00:00-04:00,25.03
2026-09-15T03:00:00-04:00,19.95
2026-09-15T04:00:00-04:00,36.01
2026-09-15T05:00:00-04:00,35.35
2026-09-15T06:00:00-04:00,29.03
2026-09-15T07:00:00-04:00,32.44
2026-09-15T08:00:00-04:00,15.37
2026-09-15T09:00:00-04:00,32.98
2026-09-15T10:00:00-04:00,34.08
2026-09-15T11:00:00-04:00,49.45
2026-09-15T12:00:00-04:00,68.51
2026-09-15T13:00:00-04:00,65.83
2026-09-15T14:00:00-04:00,45.33
2026-09-15T15:00:00-04:00,36.14
2026-09-15T16:00:00-04:00,39.43
2026-09-15T17:00:00-04:00,56.3
2026-09-15T18:00:00-04:00,65.53
2026-09-15T19:00:00-04:00,60.64
2026-09-15T20:00:00-04:00,66.27
2026-09-15T21:00:00-04:00,51.62
2026-09-15T22:00:00-04:00,45.21
2026-09-15T23:00:00-04:00,38.46
2026-09-16T00:00:00-04:00,47.76
2026-09-16T01:00:00-04:00,52.59
2026-09-16T02:00:00-04:00,47.94
2026-09-16T03:00:00-04:00,48.4
2026-09-16T04:00:00-04:00,43.65
2026-09-16T05:00:00-04:00,61.91
2026-09-16T06:00:00-04:00,79.69
2026-09-16T07:00:00-04:00,69.23
2026-09-16T08:00:00-04:00,52.25
2026-09-16T09:00:00-04:00,97.41
2026-09-16T10:00:00-04:00,85.97
2026-09-16T11:00:00-04:00,83.93
2026-09-16T12:00:00-04:00,68.0
2026-09-16T13:00:00-04:00,56.3
2026-09-16T14:00:00-04:00,53.61
2026-09-16T15:00:00-04:00,79.52
2026-09-16T16:00:00-04:00,73.61
2026-09-16T17:00:00-04:00,68.38
2026-09-16T18:00:00-04:00,62.36
2026-09-16T19:00:00-04:00,73.56
2026-09-16T20:00:00-04:00,76.25
2026-09-16T21:00:00-04:00,75.28
2026-09-16T22:00:00-04:00,71.28
2026-09-16T23:00:00-04:00,43.68
2026-09-17T00:00:00-04:00,49.11
2026-09-17T01:00:00-04:00,44.34
2026-09-17T02:00:00-04:00,47.77
2026-09-17T03:00:00-04:00,58.23
2026-09-17T04:00:00-04:00,49.74
2026-09-17T05:00:00-04:00,56.41
2026-09-17T06:00:00-04:00,86.04
2026-09-17T07:00:00-04:00,82.04
2026-09-17T08:00:00-04:00,94.03
2026-09-17T09:00:00-04:00,97.33
2026-09-17T10:00:00-04:00,88.75
2026-09-17T11:00:00-04:00,98.17
2026-09-17T12:00:00-04:00,118.89
2026-09-17T13:00:00-04:00,116.23
2026-09-17T14:00:00-04:00,85.26
2026-09-17T15:00:00-04:00,97.62
2026-09-17T16:00:00-04:00,66.12
2026-09-17T17:00:00-04:00,59.6
2026-09-17T18:00:00-04:00,58.48
2026-09-17T19:00:00-04:00,67.8
2026-09-17T20:00:00-04:00,116.99
2026-09-17T21:00:00-04:00,111.22
2026-09-17T22:00:00-04:00,73.79
2026-09-17T23:00:00-04:00,39.47
2026-09-18T00:00:00-04:00,33.19
2026-09-18T01:00:00-04:00,33.47
2026-09-18T02:00:00-04:00,28.01
2026-09-18T03:00:00-04:00,27.91
2026-09-18T04:00:00-04:00,33.47
2026-09-18T05:00:00-04:00,37.04
2026-09-18T06:00:00-04:00,44.71
2026-09-18T07:00:00-04:00,41.19
2026-09-18T08:00:00-04:00,37.79
2026-09-18T09:00:00-04:00,40.65
2026-09-18T10:00:00-04:00,37.11
2026-09-18T11:00:00-04:00,45.11
2026-09-18T12:00:00-04:00,46.57
2026-09-18T13:00:00-04:00,46.54
2026-09-18T14:00:00-04:00,39.21
2026-09-18T15:00:00-04:00,40.74
2026-09-18T16:00:00-04:00,46.46
2026-09-18T17:00:00-04:00,43.58
2026-09-18T18:00:00-04:00,46.08
2026-09-18T19:00:00-04:00,48.08
2026-09-18T20:00:00-04:00,38.35
2026-09-18T21:00:00-04:00,36.86
2026-09-18T22:00:00-04:00,34.15
2026-09-18T23:00:00-04:00,26.28
2026-09-19T00:00:00-04:00,32.35
2026-09-19T01:00:00-04:00,34.69
2026-09-19T02:00:00-04:00,35.81
2026-09-19T03:00:00-04:00,36.44
2026-09-19T04:00:00-04:00,39.82
2026-09-19T05:00:00-04:00,45.17
2026-09-19T06:00:00-04:00,38.33
2026-09-19T07:00:00-04:00,41.72
2026-09-19T08:00:00-04:00,41.14
2026-09-19T09:00:00-04:00,40.63
2026-09-19T10:00:00-04:00,40.54
2026-09-19T11:00:00-04:00,46.53
2026-09-19T12:00:00-04:00,41.65
2026-09-19T13:00:00-04:00,36.08
2026-09-19T14:00:00-04:00,38.09
2026-09-19T15:00:00-04:00,48.49
2026-09-19T16:00:00-04:00,48.64
2026-09-19T17:00:00-04:00,49.8
2026-09-19T18:00:00-04:00,49.68
2026-09-19T19:00:00-04:00,66.23
2026-09-19T20:00:00-04:00,67.9
2026-09-19T21:00:00-04:00,59.66
2026-09-19T22:00:00-04:00,42.39
2026-09-19T23:00:00-04:00,41.21
2026-09-20T00:00:00-04:00,42.41
2026-09-20T01:00:00-04:00,42.47
2026-09-20T02:00:00-04:00,43.5
2026-09-20T03:00:00-04:00,40.52
2026-09-20T04:00:00-04:00,38.29
2026-09-20T05:00:00-04:00,43.52
2026-09-20T06:00:00-04:00,45.35
2026-09-20T07:00:00-04:00,43.76
2026-09-20T08:00:00-04:00,46.04
2026-09-20T09:00:00-04:00,37.44
2026-09-20T10:00:00-04:00,39.26
2026-09-20T11:00:00-04:00,38.62
2026-09-20T12:00:00-04:00,46.62
2026-09-20T13:00:00-04:00,49.88
2026-09-20T14:00:00-04:00,55.2
2026-09-20T15:00:00-04:00,56.08
2026-09-20T16:00:00-04:00,56.31
2026-09-20T17:00:00-04:00,52.52
2026-09-20T18:00:00-04:00,56.02
2026-09-20T19:00:00-04:00,49.88
2026-09-20T20:00:00-04:00,36.6
2026-09-20T21:00:00-04:00,29.61
2026-09-20T22:00:00-04:00,24.06
2026-09-20T23:00:00-04:00,21.55
2026-09-21T00:00:00-04:00,21.46
2026-09-21T01:00:00-04:00,18.19
2026-09-21T02:00:00-04:00,12.95
2026-09-21T03:00:00-04:00,0.72
2026-09-21T04:00:00-04:00,0.65
2026-09-21T05:00:00-04:00,22.92
2026-09-21T06:00:00-04:00,52.32
2026-09-21T07:00:00-04:00,69.66
2026-09-21T08:00:00-04:00,28.81
2026-09-21T09:00:00-04:00,9.51
2026-09-21T10:00:00-04:00,6.82
2026-09-21T11:00:00-04:00,5.57
2026-09-21T12:00:00-04:00,19.01
2026-09-21T13:00:00-04:00,23.93
2026-09-21T14:00:00-04:00,23.72
2026-09-21T15:00:00-04:00,33.98
2026-09-21T16:00:00-04:00,44.73
2026-09-21T17:00:00-04:00,47.65
2026-09-21T18:00:00-04:00,48.4
2026-09-21T19:00:00-04:00,39.24
2026-09-21T20:00:00-04:00,31.45
2026-09-21T21:00:00-04:00,27.73
2026-09-21T22:00:00-04:00,23.08
2026-09-21T23:00:00-04:00,13.88
2026-09-22T00:00:00-04:00,14.48
2026-09-22T01:00:00-04:00,11.92
2026-09-22T02:00:00-04:00,0.0
2026-09-22T03:00:00-04:00,1.21
2026-09-22T04:00:00-04:00,0.0
2026-09-22T05:00:00-04:00,22.51
2026-09-22T06:00:00-04:00,33.61
2026-09-22T07:00:00-04:00,40.08
2026-09-22T08:00:00-04:00,42.88
2026-09-22T09:00:00-04:00,42.07
2026-09-22T10:00:00-04:00,0.69
2026-09-22T11:00:00-04:00,0.63
2026-09-22T12:00:00-04:00,6.85
2026-09-22T13:00:00-04:00,29.51
2026-09-22T14:00:00-04:00,30.14
2026-09-22T15:00:00-04:00,32.62
2026-09-22T16:00:00-04:00,34.23
2026-09-22T17:00:00-04:00,36.01
2026-09-22T18:00:00-04:00,33.97
2026-09-22T19:00:00-04:00,36.2
2026-09-22T20:00:00-04:00,30.34
2026-09-22T21:00:00-04:00,26.07
2026-09-22T22:00:00-04:00,23.3
2026-09-22T23:00:00-04:00,21.02
2026-09-23T00:00:00-04:00,13.49
2026-09-23T01:00:00-04:00,12.61
2026-09-23T02:00:00-04:00,8.46
2026-09-23T03:00:00-04:00,5.49
2026-09-23T04:00:00-04:00,25.66
2026-09-23T05:00:00-04:00,33.23
2026-09-23T06:00:00-04:00,33.84
2026-09-23T07:00:00-04:00,36.48
2026-09-23T08:00:00-04:00,36.38
2026-09-23T09:00:00-04:00,37.47
2026-09-23T10:00:00-04:00,28.92
2026-09-23T11:00:00-04:00,20.73
2026-09-23T12:00:00-04:00,22.92
2026-09-23T13:00:00-04:00,26.09
2026-09-23T14:00:00-04:00,26.67
2026-09-23T15:00:00-04:00,35.3
2026-09-23T16:00:00-04:00,44.36
2026-09-23T17:00:00-04:00,49.88
2026-09-23T18:00:00-04:00,46.3
2026-09-23T19:00:00-04:00,38.82
2026-09-23T20:00:00-04:00,36.84
2026-09-23T21:00:00-04:00,34.61
2026-09-23T22:00:00-04:00,25.04
2026-09-23T23:00:00-04:00,25.77
2026-09-24T00:00:00-04:00,30.61
2026-09-24T01:00:00-04:00,37.48
2026-09-24T02:00:00-04:00,36.99
2026-09-24T03:00:00-04:00,38.32
2026-09-24T04:00:00-04:00,40.9
2026-09-24T05:00:00-04:00,58.65
2026-09-24T06:00:00-04:00,55.06
2026-09-24T07:00:00-04:00,45.69
2026-09-24T08:00:00-04:00,39.88
2026-09-24T09:00:00-04:00,38.81
2026-09-24T10:00:00-04:00,38.8
2026-09-24T11:00:00-04:00,38.72
2026-09-24T12:00:00-04:00,39.43
2026-09-24T13:00:00-04:00,35.85
2026-09-24T14:00:00-04:00,38.33
2026-09-24T15:00:00-04:00,36.94
2026-09-24T16:00:00-04:00,44.27
2026-09-24T17:00:00-04:00,56.95
2026-09-24T18:00:00-04:00,64.51
2026-09-24T19:00:00-04:00,49.88
2026-09-24T20:00:00-04:00,39.93
2026-09-24T21:00:00-04:00,37.34
2026-09-24T22:00:00-04:00,30.11
2026-09-24T23:00:00-04:00,27.26
2026-09-25T00:00:00-04:00,33.89
2026-09-25T01:00:00-04:00,29.97
2026-09-25T02:00:00-04:00,30.99
2026-09-25T03:00:00-04:00,36.79
2026-09-25T04:00:00-04:00,43.93
2026-09-25T05:00:00-04:00,51.07
2026-09-25T06:00:00-04:00,60.55
2026-09-25T07:00:00-04:00,53.23
2026-09-25T08:00:00-04:00,45.97
2026-09-25T09:00:00-04:00,46.13
2026-09-25T10:00:00-04:00,39.45
2026-09-25T11:00:00-04:00,34.63
2026-09-25T12:00:00-04:00,33.42
2026-09-25T13:00:00-04:00,35.5
2026-09-25T14:00:00-04:00,37.48
2026-09-25T15:00:00-04:00,47.93
2026-09-25T16:00:00-04:00,49.38
2026-09-25T17:00:00-04:00,48.82
2026-09-25T18:00:00-04:00,55.45
2026-09-25T19:00:00-04:00,52.62
2026-09-25T20:00:00-04:00,42.18
2026-09-25T21:00:00-04:00,41.22
2026-09-25T22:00:00-04:00,32.26
2026-09-25T23:00:00-04:00,28.02
2026-09-26T00:00:00-04:00,32.3
2026-09-26T01:00:00-04:00,33.55
2026-09-26T02:00:00-04:00,33.13
2026-09-26T03:00:00-04:00,35.01
2026-09-26T04:00:00-04:00,26.03
2026-09-26T05:00:00-04:00,32.56
2026-09-26T06:00:00-04:00,42.47
2026-09-26T07:00:00-04:00,42.48
2026-09-26T08:00:00-04:00,44.26
2026-09-26T09:00:00-04:00,45.25
2026-09-26T10:00:00-04:00,43.62
2026-09-26T11:00:00-04:00,43.45
2026-09-26T12:00:00-04:00,37.63
2026-09-26T13:00:00-04:00,39.19
2026-09-26T14:00:00-04:00,40.81
2026-09-26T15:00:00-04:00,50.33
2026-09-26T16:00:00-04:00,52.38
2026-09-26T17:00:00-04:00,52.14
2026-09-26T18:00:00-04:00,57.8
2026-09-26T19:00:00-04:00,55.3
2026-09-26T20:00:00-04:00,39.28
2026-09-26T21:00:00-04:00,38.35
2026-09-26T22:00:00-04:00,37.83
2026-09-26T23:00:00-04:00,30.14
2026-09-27T00:00:00-04:00,23.33
2026-09-27T01:00:00-04:00,36.35
2026-09-27T02:00:00-04:00,33.21
2026-09-27T03:00:00-04:00,22.97
2026-09-27T04:00:00-04:00,23.86
2026-09-27T05:00:00-04:00,30.72
2026-09-27T06:00:00-04:00,27.14
2026-09-27T07:00:00-04:00,24.14
2026-09-27T08:00:00-04:00,25.95
2026-09-27T09:00:00-04:00,34.61
2026-09-27T10:00:00-04:00,33.72
2026-09-27T11:00:00-04:00,34.63
2026-09-27T12:00:00-04:00,33.24
2026-09-27T13:00:00-04:00,22.34
2026-09-27T14:00:00-04:00,22.58
2026-09-27T15:00:00-04:00,28.25
2026-09-27T16:00:00-04:00,43.86
2026-09-27T17:00:00-04:00,61.49
2026-09-27T18:00:00-04:00,254.79
2026-09-27T19:00:00-04:00,64.39
2026-09-27T20:00:00-04:00,54.81
2026-09-27T21:00:00-04:00,48.68
2026-09-27T22:00:00-04:00,38.84
2026-09-27T23:00:00-04:00,32.59
2026-09-28T00:00:00-04:00,33.5
2026-09-28T01:00:00-04:00,37.26
2026-09-28T02:00:00-04:00,34.08
2026-09-28T03:00:00-04:00,28.7
2026-09-28T04:00:00-04:00,30.23
2026-09-28T05:00:00-04:00,39.36
2026-09-28T06:00:00-04:00,44.82
2026-09-28T07:00:00-04:00,40.18
2026-09-28T08:00:00-04:00,38.08
2026-09-28T09:00:00-04:00,48.24
2026-09-28T10:00:00-04:00,42.56
2026-09-28T11:00:00-04:00,42.92
2026-09-28T12:00:00-04:00,44.64
2026-09-28T13:00:00-04:00,47.64
2026-09-28T14:00:00-04:00,43.52
2026-09-28T15:00:00-04:00,47.97
2026-09-28T16:00:00-04:00,53.51
2026-09-28T17:00:00-04:00,70.29
2026-09-28T18:00:00-04:00,107.63
2026-09-28T19:00:00-04:00,70.5
2026-09-28T20:00:00-04:00,61.4
2026-09-28T21:00:00-04:00,80.14
2026-09-28T22:00:00-04:00,62.41
2026-09-28T23:00:00-04:00,37.91
2026-09-29T00:00:00-04:00,44.01
2026-09-29T01:00:00-04:00,48.07
2026-09-29T02:00:00-04:00,38.76
2026-09-29T03:00:00-04:00,42.56
2026-09-29T04:00:00-04:00,57.03
2026-09-29T05:00:00-04:00,58.35
2026-09-29T06:00:00-04:00,79.76
2026-09-29T07:00:00-04:00,55.57
2026-09-29T08:00:00-04:00,56.27
2026-09-29T09:00:00-04:00,56.5
2026-09-29T10:00:00-04:00,51.02
2026-09-29T11:00:00-04:00,49.91
2026-09-29T12:00:00-04:00,50.62
2026-09-29T13:00:00-04:00,46.46
2026-09-29T14:00:00-04:00,36.79
2026-09-29T15:00:00-04:00,40.19
2026-09-29T16:00:00-04:00,97.7
2026-09-29T17:00:00-04:00,105.12
2026-09-29T18:00:00-04:00,83.95
2026-09-29T19:00:00-04:00,72.75
2026-09-29T20:00:00-04:00,46.6
2026-09-29T21:00:00-04:00,55.12
2026-09-29T22:00:00-04:00,45.12
2026-09-29T23:00:00-04:00,41.12
2026-09-30T00:00:00-04:00,36.24
2026-09-30T01:00:00-04:00,35.6
2026-09-30T02:00:00-04:00,31.17
2026-09-30T03:00:00-04:00,33.36
2026-09-30T04:00:00-04:00,25.58
2026-09-30T05:00:00-04:00,37.77
2026-09-30T06:00:00-04:00,37.56
2026-09-30T07:00:00-04:00,41.66
2026-09-30T08:00:00-04:00,43.73
2026-09-30T09:00:00-04:00,68.46
2026-09-30T10:00:00-04:00,39.74
2026-09-30T11:00:00-04:00,42.43
2026-09-30T12:00:00-04:00,64.91
2026-09-30T13:00:00-04:00,100.67
2026-09-30T14:00:00-04:00,85.82
2026-09-30T15:00:00-04:00,72.37
2026-09-30T16:00:00-04:00,86.42
2026-09-30T17:00:00-04:00,57.7
2026-09-30T18:00:00-04:00,49.21
2026-09-30T19:00:00-04:00,37.24
2026-09-30T20:00:00-04:00,32.71
2026-09-30T21:00:00-04:00,41.85
2026-09-30T22:00:00-04:00,44.87
2026-09-30T23:00:00-04:00,33.73
2026-10-01T00:00:00-04:00,30.39
2026-10-01T01:00:00-04:00,23.75
2026-10-01T02:00:00-04:00,30.89
2026-10-01T03:00:00-04:00,21.57
2026-10-01T04:00:00-04:00,21.92
2026-10-01T05:00:00-04:00,39.36
2026-10-01T06:00:00-04:00,46.72
2026-10-01T07:00:00-04:00,54.29
2026-10-01T08:00:00-04:00,47.01
2026-10-01T09:00:00-04:00,78.97
2026-10-01T10:00:00-04:00,80.37
2026-10-01T11:00:00-04:00,82.88
2026-10-01T12:00:00-04:00,62.57
2026-10-01T13:00:00-04:00,51.15
2026-10-01T14:00:00-04:00,59.47
2026-10-01T15:00:00-04:00,38.65
2026-10-01T16:00:00-04:00,100.55
2026-10-01T17:00:00-04:00,370.31
2026-10-01T18:00:00-04:00,341.17
2026-10-01T19:00:00-04:00,62.34
2026-10-01T20:00:00-04:00,52.78
2026-10-01T21:00:00-04:00,79.9
2026-10-01T22:00:00-04:00,106.92
2026-10-01T23:00:00-04:00,84.14
2026-10-02T00:00:00-04:00,46.57
2026-10-02T01:00:00-04:00,28.88
2026-10-02T02:00:00-04:00,21.84
2026-10-02T03:00:00-04:00,23.43
2026-10-02T04:00:00-04:00,37.5
2026-10-02T05:00:00-04:00,52.7
2026-10-02T06:00:00-04:00,53.86
2026-10-02T07:00:00-04:00,57.17
2026-10-02T08:00:00-04:00,68.76
2026-10-02T09:00:00-04:00,67.57
2026-10-02T10:00:00-04:00,56.96
2026-10-02T11:00:00-04:00,45.38
2026-10-02T12:00:00-04:00,36.99
2026-10-02T13:00:00-04:00,37.44
2026-10-02T14:00:00-04:00,40.06
2026-10-02T15:00:00-04:00,40.52
2026-10-02T16:00:00-04:00,41.7
2026-10-02T17:00:00-04:00,48.85
2026-10-02T18:00:00-04:00,58.45
2026-10-02T19:00:00-04:00,61.14
2026-10-02T20:00:00-04:00,53.58
2026-10-02T21:00:00-04:00,47.19
2026-10-02T22:00:00-04:00,47.31
2026-10-02T23:00:00-04:00,44.7
2026-10-03T00:00:00-04:00,46.38
2026-10-03T01:00:00-04:00,65.03
2026-10-03T02:00:00-04:00,60.69
2026-10-03T03:00:00-04:00,53.88
2026-10-03T04:00:00-04:00,63.93
2026-10-03T05:00:00-04:00,68.91
2026-10-03T06:00:00-04:00,56.35
2026-10-03T07:00:00-04:00,43.37
2026-10-03T08:00:00-04:00,44.47
2026-10-03T09:00:00-04:00,47.04
2026-10-03T10:00:00-04:00,50.32
2026-10-03T11:00:00-04:00,50.72
2026-10-03T12:00:00-04:00,46.97
2026-10-03T13:00:00-04:00,43.39
2026-10-03T14:00:00-04:00,46.88
2026-10-03T15:00:00-04:00,43.04
2026-10-03T16:00:00-04:00,58.78
2026-10-03T17:00:00-04:00,86.08
2026-10-03T18:00:00-04:00,87.89
2026-10-03T19:00:00-04:00,78.73
2026-10-03T20:00:00-04:00,55.62
2026-10-03T21:00:00-04:00,44.76
2026-10-03T22:00:00-04:00,36.53
2026-10-03T23:00:00-04:00,30.81
2026-10-04T00:00:00-04:00,32.43
2026-10-04T01:00:00-04:00,33.7
2026-10-04T02:00:00-04:00,39.86
2026-10-04T03:00:00-04:00,48.14
2026-10-04T04:00:00-04:00,47.54
2026-10-04T05:00:00-04:00,33.17
2026-10-04T06:00:00-04:00,35.68
2026-10-04T07:00:00-04:00,33.21
2026-10-04T08:00:00-04:00,35.87
2026-10-04T09:00:00-04:00,35.17
2026-10-04T10:00:00-04:00,32.07
2026-10-04T11:00:00-04:00,31.31
2026-10-04T12:00:00-04:00,34.14
2026-10-04T13:00:00-04:00,43.45
2026-10-04T14:00:00-04:00,39.82
2026-10-04T15:00:00-04:00,41.32
2026-10-04T16:00:00-04:00,58.09
2026-10-04T17:00:00-04:00,131.71
2026-10-04T18:00:00-04:00,214.5
2026-10-04T19:00:00-04:00,130.43
2026-10-04T20:00:00-04:00,46.27
2026-10-04T21:00:00-04:00,41.96
2026-10-04T22:00:00-04:00,34.96
2026-10-04T23:00:00-04:00,28.74
2026-10-05T00:00:00-04:00,36.41
2026-10-05T01:00:00-04:00,40.26
2026-10-05T02:00:00-04:00,33.99
2026-10-05T03:00:00-04:00,34.57
2026-10-05T04:00:00-04:00,38.28
2026-10-05T05:00:00-04:00,34.49
2026-10-05T06:00:00-04:00,36.22
2026-10-05T07:00:00-04:00,31.01
2026-10-05T08:00:00-04:00,31.03
2026-10-05T09:00:00-04:00,11.59
2026-10-05T10:00:00-04:00,23.65
2026-10-05T11:00:00-04:00,24.92
2026-10-05T12:00:00-04:00,34.5
